{
    "additive": {
        "BLEU": 25.079044806080184,
        "ROUGE-1": 0.5664119074909443,
        "ROUGE-2": 0.36726764990981803,
        "ROUGE-L": 0.5427672387307471,
        "Perplexity": 9.37002057959961,
        "Entropy": 0.7628552553808368,
        "Sharpness": 0.709909702634367
    },
    "multiplicative": {
        "BLEU": 26.129551247737073,
        "ROUGE-1": 0.5721778367885733,
        "ROUGE-2": 0.3749123651126461,
        "ROUGE-L": 0.5481779978015238,
        "Perplexity": 9.120189485477821,
        "Entropy": 0.5464026962397671,
        "Sharpness": 0.7869698115314396
    },
    "scaled_dot": {
        "BLEU": 26.968195417188753,
        "ROUGE-1": 0.580215060224399,
        "ROUGE-2": 0.38260133069768015,
        "ROUGE-L": 0.5564298557199455,
        "Perplexity": 8.882565362902486,
        "Entropy": 1.2851805388386854,
        "Sharpness": 0.5151435258860226
    }
}