{
    "layers_1_heads_2": {
        "perplexity": 6.1446916388122395,
        "bleu": 33.882266842485485,
        "rouge1": 0.6443658969392444,
        "time": 198.96460461616516
    },
    "layers_1_heads_4": {
        "perplexity": 6.113641588453601,
        "bleu": 33.62977784466069,
        "rouge1": 0.645887038360621,
        "time": 275.7031488418579
    },
    "layers_1_heads_8": {
        "perplexity": 6.040135470449591,
        "bleu": 33.62346052368424,
        "rouge1": 0.6371923738141388,
        "time": 367.85789346694946
    },
    "layers_2_heads_2": {
        "perplexity": 5.57703556016353,
        "bleu": 33.862768504611104,
        "rouge1": 0.651033805718164,
        "time": 563.5030348300934
    },
    "layers_2_heads_4": {
        "perplexity": 5.585716598441184,
        "bleu": 34.22134164204272,
        "rouge1": 0.6487217795909983,
        "time": 597.5431768894196
    },
    "layers_2_heads_8": {
        "perplexity": 5.56589518876998,
        "bleu": 33.50840673527894,
        "rouge1": 0.646143796535005,
        "time": 578.3678824901581
    },
    "layers_4_heads_2": {
        "perplexity": 5.356560470883829,
        "bleu": 35.91822882445946,
        "rouge1": 0.6622361725248961,
        "time": 873.3251957893372
    },
    "layers_4_heads_4": {
        "perplexity": 5.380850150296009,
        "bleu": 35.40155405695006,
        "rouge1": 0.6577264692747528,
        "time": 588.0526711940765
    },
    "layers_4_heads_8": {
        "perplexity": 5.465748656716133,
        "bleu": 35.70454386670165,
        "rouge1": 0.6558250140326237,
        "time": 903.6618456840515
    }
}