{
    "random": {
        "best_ppl": 9.499254642203601,
        "bleu": 24.855833835853655,
        "rouge": {
            "rouge1": 0.5648522970307409,
            "rouge2": 0.3608885131625175,
            "rougeLsum": 0.5410723429250412
        },
        "total_time": 758.3432421684265,
        "avg_epoch_time": 37.80167148113251,
        "train_losses": [
            111.62562678620729,
            40.7663487514246,
            25.43468677557847,
            18.07544778642303,
            13.905347700848044,
            11.253645052373706,
            9.420815184880938,
            8.088635663672566,
            7.075262926535759,
            6.279574996356443,
            5.640856002025076,
            5.122941140274593,
            4.694014355494723,
            4.325455360050485,
            4.013908933257605,
            3.7428185851739486,
            3.5077459000786724,
            3.3089811971052105,
            3.124730576753203,
            2.9667812011843653
        ]
    },
    "glove": {
        "best_ppl": 8.3929094784685,
        "bleu": 26.31839511699904,
        "rouge": {
            "rouge1": 0.5753936196119098,
            "rouge2": 0.3779247845218017,
            "rougeLsum": 0.5532681230789795
        },
        "total_time": 774.266829252243,
        "avg_epoch_time": 37.71572871208191,
        "train_losses": [
            133.70046765920546,
            47.95010188303225,
            29.741703931623984,
            20.879453528305234,
            16.059261149658052,
            13.020980057126971,
            10.925483275310533,
            9.40264750150885,
            8.253713571620183,
            7.351316670844967,
            6.610235656028915,
            6.003494996871443,
            5.495428204055196,
            5.064073288030146,
            4.698085629815774,
            4.381668387243496,
            4.102894812351273,
            3.853835182961193,
            3.638042610321126,
            3.442433585782273
        ]
    },
    "bert": {
        "best_ppl": 10.85065151245972,
        "bleu": 20.129453783560937,
        "rouge": {
            "rouge1": 0.4942235514180977,
            "rouge2": 0.30454913818821017,
            "rougeLsum": 0.47734126147497985
        },
        "total_time": 1113.4769716262817,
        "avg_epoch_time": 40.53066030740738,
        "train_losses": [
            146.73373082271155,
            56.92399678064533,
            39.01683245914668,
            30.267001421837758,
            24.8521408953126,
            21.094427374096277,
            18.078323746232876,
            15.620927479044955,
            13.64101256029148,
            11.992950403461988,
            10.593367316811202,
            9.47234147701278,
            8.510558046185633,
            7.698424926868908,
            7.006471977341194,
            6.418086516661312,
            5.906999467585646,
            5.468306558844319,
            5.079427464715963,
            4.737158294683239
        ]
    }
}