{
    "random": {
        "best_ppl": 5.656692426046036,
        "bleu": 33.91636914341443,
        "rouge": {
            "rouge1": 0.6503199361598585,
            "rouge2": 0.45336273370651675,
            "rougeLsum": 0.6203917096027556
        },
        "total_time": 419.6537058353424,
        "avg_epoch_time": 20.884770846366884,
        "train_losses": [
            92.52980375517501,
            22.44396995875992,
            13.215654931704927,
            9.324221109994609,
            7.227078384330485,
            5.9430671032046805,
            5.071559644145229,
            4.4519617938026315,
            3.9787631764958253,
            3.615009299356109,
            3.3156253678675394,
            3.0661531641350135,
            2.870313783290259,
            2.6931531448108723,
            2.535702587240032,
            2.41049435949148,
            2.29208236088624,
            2.192524247358684,
            2.107986364169645,
            2.0216129764793624
        ]
    },
    "glove": {
        "best_ppl": 5.56756682785536,
        "bleu": 33.29531571709447,
        "rouge": {
            "rouge1": 0.6441901075576661,
            "rouge2": 0.4494443782510238,
            "rougeLsum": 0.6173763210864418
        },
        "total_time": 818.8237113952637,
        "avg_epoch_time": 39.647165143489836,
        "train_losses": [
            79.96425830457429,
            19.60674490422426,
            11.53302180562544,
            8.17607473523507,
            6.3555242994170165,
            5.226157085893689,
            4.484145198775168,
            3.9314944231163476,
            3.520874228555441,
            3.187442147788044,
            2.924832586071375,
            2.7090655969046527,
            2.52283356277882,
            2.3614834129494024,
            2.2303644922128503,
            2.1137379722565206,
            2.016077160121002,
            1.9246634287247868,
            1.845843805649049,
            1.7789611741437878
        ]
    },
    "bert": {
        "best_ppl": 5.264903807288386,
        "bleu": 33.32666532461813,
        "rouge": {
            "rouge1": 0.640393153594466,
            "rouge2": 0.44520484192901955,
            "rougeLsum": 0.6151189926888644
        },
        "total_time": 1807.183613061905,
        "avg_epoch_time": 30.999857449531554,
        "train_losses": [
            40.69613058810039,
            9.97831053274901,
            6.027199038936107,
            4.417753986895282,
            3.534956004495901,
            2.9474502512787844,
            2.5282646870743073,
            2.2288357257051827,
            1.9999975094288145,
            1.8303660435953926,
            1.6995394696794097,
            1.599849480527371,
            1.52400233525569,
            1.4666203340594153,
            1.4168393708537264,
            1.380067200703346,
            1.34796082445224,
            1.321809392020145,
            1.2999268789540939,
            1.2837939717687663
        ]
    }
}