{
  "ece": 0.34580636829384725,
  "avg_confidence": 0.7103596824148847,
  "avg_accuracy": 0.3645533141210375,
  "total_tokens": 1388
}