{
    "timestamp": "2025-11-23 16:24:50",
    "device": "cuda",
    "models": {
        "GloVe__BiLSTM": {
            "test_loss": 0.3481504637154804,
            "test_accuracy": 0.866,
            "test_macro_f1": 0.8659485027768268,
            "training_history": {
                "train_loss": [
                    0.594499967399646,
                    0.3917584266111424,
                    0.32451496654274786,
                    0.2827749100344425,
                    0.2447941443824675,
                    0.2095396225922741,
                    0.16859711043071002,
                    0.12880031096045225,
                    0.09653562253581847,
                    0.06622141473615722
                ],
                "val_acc": [
                    0.8044,
                    0.8472,
                    0.848,
                    0.8552,
                    0.8556,
                    0.8652,
                    0.868,
                    0.8664,
                    0.8608,
                    0.8532
                ],
                "val_macro_f1": [
                    0.8043571463893451,
                    0.8471059640521306,
                    0.8466332940714567,
                    0.8551924931788464,
                    0.8535889208424647,
                    0.8645957939355309,
                    0.867715196108614,
                    0.8659916712620022,
                    0.8604341364626887,
                    0.8518229970385593
                ],
                "epoch_time_sec": [
                    57.777037143707275,
                    57.25014352798462,
                    57.820448875427246,
                    74.82074189186096,
                    72.77823829650879,
                    75.79901313781738,
                    167.43928050994873,
                    76.73671627044678,
                    73.23541808128357,
                    86.59256291389465
                ]
            }
        },
        "GloVe__BiGRU": {
            "test_loss": 0.3323177812253214,
            "test_accuracy": 0.8714,
            "test_macro_f1": 0.8710486281439116,
            "training_history": {
                "train_loss": [
                    0.45394055752760987,
                    0.3147701222597706,
                    0.26796500614463264,
                    0.22103275050176308,
                    0.167104803113034,
                    0.10884589870825452,
                    0.06784208110101728,
                    0.03612418130453741
                ],
                "val_acc": [
                    0.8488,
                    0.866,
                    0.8616,
                    0.8584,
                    0.8684,
                    0.854,
                    0.8584,
                    0.866
                ],
                "val_macro_f1": [
                    0.8469344121244791,
                    0.8655477024711129,
                    0.8606538732423863,
                    0.8582243342791451,
                    0.867643535155084,
                    0.8526305011418915,
                    0.8573350115679543,
                    0.8656641604010025
                ],
                "epoch_time_sec": [
                    71.91569113731384,
                    69.9177656173706,
                    69.45497107505798,
                    70.45444202423096,
                    69.8472638130188,
                    85.49971222877502,
                    70.20130062103271,
                    92.26501989364624
                ]
            }
        },
        "BERT__BiLSTM": {
            "test_loss": 0.21367930244820513,
            "test_accuracy": 0.9142,
            "test_macro_f1": 0.9141845909851574,
            "training_history": {
                "train_loss": [
                    0.2811779122302224,
                    0.17681287088569,
                    0.12075275682152344,
                    0.07925432594931242
                ],
                "val_acc": [
                    0.9216,
                    0.912,
                    0.9208,
                    0.9188
                ],
                "val_macro_f1": [
                    0.921474358974359,
                    0.9115101769732105,
                    0.9206291176651684,
                    0.9183909230766509
                ],
                "epoch_time_sec": [
                    472.6257133483887,
                    459.2089695930481,
                    456.22337460517883,
                    477.67153000831604
                ]
            }
        },
        "BERT__BiGRU": {
            "test_loss": 0.4823156259408974,
            "test_accuracy": 0.9128,
            "test_macro_f1": 0.9127276127911534,
            "training_history": {
                "train_loss": [
                    0.2851986640704457,
                    0.18259491736534983,
                    0.12382605825603771,
                    0.0843303301651097,
                    0.05747311548607699,
                    0.04299898272876652,
                    0.031487285520018886,
                    0.024106283413619745,
                    0.022725689343117625
                ],
                "val_acc": [
                    0.9184,
                    0.9108,
                    0.9172,
                    0.9192,
                    0.9128,
                    0.9224,
                    0.922,
                    0.92,
                    0.9208
                ],
                "val_macro_f1": [
                    0.9183284426483107,
                    0.9101721970784937,
                    0.9171627696351848,
                    0.9190375050341036,
                    0.9126429529951765,
                    0.9221896006802394,
                    0.9218045112781954,
                    0.9198448195706889,
                    0.9207413612887358
                ],
                "epoch_time_sec": [
                    1472.2066328525543,
                    1463.907145023346,
                    1502.3324444293976,
                    1459.6799614429474,
                    1464.314290523529,
                    1495.3941938877106,
                    1448.0534677505493,
                    1452.2331635951996,
                    1467.2723021507263
                ]
            }
        }
    }
}